episode,rewards_epi,epsilon
0,-222.5,0.9999
1,-187.0,0.9998
2,-127.0,0.9997
3,-78.5,0.9996
4,-219.5,0.9995
5,-316.5,0.9994000000000001
6,-338.0,0.9993000000000001
7,-214.5,0.9992000000000001
8,-107.5,0.9991000000000001
9,-169.0,0.9990000000000001
10,-64.5,0.9989000000000001
11,-157.5,0.9988000000000001
12,-287.5,0.9987000000000001
13,-356.5,0.9986000000000002
14,-460.5,0.9985000000000002
15,-399.5,0.9984000000000002
16,-300.0,0.9983000000000002
17,-298.5,0.9982000000000002
18,-217.5,0.9981000000000002
19,-114.5,0.9980000000000002
20,-422.0,0.9979000000000002
21,-53.5,0.9978000000000002
22,-322.5,0.9977000000000003
23,-106.5,0.9976000000000003
24,-74.0,0.9975000000000003
25,-271.0,0.9974000000000003
26,-221.5,0.9973000000000003
27,-288.0,0.9972000000000003
28,-361.0,0.9971000000000003
29,-209.5,0.9970000000000003
30,-287.0,0.9969000000000003
31,-172.5,0.9968000000000004
32,-292.5,0.9967000000000004
33,-120.0,0.9966000000000004
34,-401.5,0.9965000000000004
35,-77.5,0.9964000000000004
36,-56.5,0.9963000000000004
37,-100.0,0.9962000000000004
38,-203.0,0.9961000000000004
39,-447.5,0.9960000000000004
40,-141.0,0.9959000000000005
41,-285.5,0.9958000000000005
42,-272.0,0.9957000000000005
43,-160.0,0.9956000000000005
44,-236.0,0.9955000000000005
45,-101.5,0.9954000000000005
46,-112.5,0.9953000000000005
47,-317.5,0.9952000000000005
48,-297.5,0.9951000000000005
49,-353.5,0.9950000000000006
50,-251.5,0.9949000000000006
51,-277.0,0.9948000000000006
52,-403.5,0.9947000000000006
53,-337.0,0.9946000000000006
54,-354.0,0.9945000000000006
55,-376.0,0.9944000000000006
56,-266.0,0.9943000000000006
57,-59.5,0.9942000000000006
58,-199.5,0.9941000000000006
59,-381.0,0.9940000000000007
60,-101.5,0.9939000000000007
61,-329.5,0.9938000000000007
62,-266.5,0.9937000000000007
63,-183.5,0.9936000000000007
64,-56.5,0.9935000000000007
65,-472.5,0.9934000000000007
66,-316.5,0.9933000000000007
67,-121.5,0.9932000000000007
68,-311.0,0.9931000000000008
69,-334.0,0.9930000000000008
70,-258.5,0.9929000000000008
71,-381.0,0.9928000000000008
72,-241.0,0.9927000000000008
73,-449.0,0.9926000000000008
74,-335.0,0.9925000000000008
75,-101.5,0.9924000000000008
76,-384.0,0.9923000000000008
77,-189.0,0.9922000000000009
78,-322.5,0.9921000000000009
79,-399.5,0.9920000000000009
80,-184.0,0.9919000000000009
81,-323.0,0.9918000000000009
82,-214.5,0.9917000000000009
83,-194.0,0.9916000000000009
84,-368.5,0.9915000000000009
85,-34.5,0.991400000000001
86,-275.5,0.991300000000001
87,-208.5,0.991200000000001
88,-85.0,0.991100000000001
89,-332.5,0.991000000000001
90,-57.5,0.990900000000001
91,-324.0,0.990800000000001
92,-57.5,0.990700000000001
93,-364.0,0.990600000000001
94,-265.0,0.990500000000001
95,-249.5,0.9904000000000011
96,-49.0,0.9903000000000011
97,-8.0,0.9902000000000011
98,-171.5,0.9901000000000011
99,-252.0,0.9900000000000011
100,-188.0,0.9899000000000011
101,-155.5,0.9898000000000011
102,-112.5,0.9897000000000011
103,-95.0,0.9896000000000011
104,-399.5,0.9895000000000012
105,-251.0,0.9894000000000012
106,-328.5,0.9893000000000012
107,-266.0,0.9892000000000012
108,-71.5,0.9891000000000012
109,-36.5,0.9890000000000012
110,-190.0,0.9889000000000012
111,-217.5,0.9888000000000012
112,-258.5,0.9887000000000012
113,-254.5,0.9886000000000013
114,-340.0,0.9885000000000013
115,-285.5,0.9884000000000013
116,-71.5,0.9883000000000013
117,-215.5,0.9882000000000013
118,-276.0,0.9881000000000013
119,-54.0,0.9880000000000013
120,-275.5,0.9879000000000013
121,-122.0,0.9878000000000013
122,-200.0,0.9877000000000014
123,-266.5,0.9876000000000014
124,-102.0,0.9875000000000014
125,-366.0,0.9874000000000014
126,-25.0,0.9873000000000014
127,-281.0,0.9872000000000014
128,-103.0,0.9871000000000014
129,-88.5,0.9870000000000014
130,-186.5,0.9869000000000014
131,-228.0,0.9868000000000015
132,-191.5,0.9867000000000015
133,-240.5,0.9866000000000015
134,-273.0,0.9865000000000015
135,-317.5,0.9864000000000015
136,-285.5,0.9863000000000015
137,-441.5,0.9862000000000015
138,-145.0,0.9861000000000015
139,-127.0,0.9860000000000015
140,-340.5,0.9859000000000016
141,-298.0,0.9858000000000016
142,-136.0,0.9857000000000016
143,-291.0,0.9856000000000016
144,-240.0,0.9855000000000016
145,-262.5,0.9854000000000016
146,-33.0,0.9853000000000016
147,-248.5,0.9852000000000016
148,-49.0,0.9851000000000016
149,-239.5,0.9850000000000017
150,-200.0,0.9849000000000017
151,-254.5,0.9848000000000017
152,-33.5,0.9847000000000017
153,-330.0,0.9846000000000017
154,-39.0,0.9845000000000017
155,-53.5,0.9844000000000017
156,-75.0,0.9843000000000017
157,-242.5,0.9842000000000017
158,-353.5,0.9841000000000018
159,-109.5,0.9840000000000018
160,-172.5,0.9839000000000018
161,-282.0,0.9838000000000018
162,-33.5,0.9837000000000018
163,-374.0,0.9836000000000018
164,-273.5,0.9835000000000018
165,-35.5,0.9834000000000018
166,-206.5,0.9833000000000018
167,-326.0,0.9832000000000019
168,-324.5,0.9831000000000019
169,-46.5,0.9830000000000019
170,-313.0,0.9829000000000019
171,-173.5,0.9828000000000019
172,-114.5,0.9827000000000019
173,-72.5,0.9826000000000019
174,-289.0,0.9825000000000019
175,-283.5,0.9824000000000019
176,-86.5,0.982300000000002
177,-290.5,0.982200000000002
178,-334.5,0.982100000000002
179,-55.5,0.982000000000002
180,-123.5,0.981900000000002
181,-185.0,0.981800000000002
182,-287.0,0.981700000000002
183,-237.5,0.981600000000002
184,-54.0,0.981500000000002
185,-419.5,0.981400000000002
186,-202.0,0.9813000000000021
187,-80.5,0.9812000000000021
188,-60.5,0.9811000000000021
189,-40.0,0.9810000000000021
190,-22.5,0.9809000000000021
191,-97.0,0.9808000000000021
192,-205.5,0.9807000000000021
193,-165.0,0.9806000000000021
194,-249.5,0.9805000000000021
195,-65.0,0.9804000000000022
196,-49.5,0.9803000000000022
197,-298.0,0.9802000000000022
198,-65.5,0.9801000000000022
199,-262.5,0.9800000000000022
200,-235.5,0.9799000000000022
201,-249.5,0.9798000000000022
202,-80.0,0.9797000000000022
203,-65.5,0.9796000000000022
204,-75.0,0.9795000000000023
205,-61.5,0.9794000000000023
206,-150.5,0.9793000000000023
207,-152.5,0.9792000000000023
208,-36.0,0.9791000000000023
209,-533.0,0.9790000000000023
210,-287.0,0.9789000000000023
211,-245.5,0.9788000000000023
212,-272.5,0.9787000000000023
213,-327.5,0.9786000000000024
214,-46.0,0.9785000000000024
215,-285.5,0.9784000000000024
216,-12.5,0.9783000000000024
217,-394.5,0.9782000000000024
218,-288.5,0.9781000000000024
219,-276.5,0.9780000000000024
220,-20.5,0.9779000000000024
221,-103.5,0.9778000000000024
222,-95.5,0.9777000000000025
223,-244.5,0.9776000000000025
224,-68.0,0.9775000000000025
225,-84.5,0.9774000000000025
226,-186.0,0.9773000000000025
227,-126.0,0.9772000000000025
228,-162.5,0.9771000000000025
229,-19.0,0.9770000000000025
230,-20.5,0.9769000000000025
231,-187.5,0.9768000000000026
232,-180.5,0.9767000000000026
233,-106.0,0.9766000000000026
234,-188.5,0.9765000000000026
235,-171.5,0.9764000000000026
236,-29.0,0.9763000000000026
237,-78.0,0.9762000000000026
238,-312.0,0.9761000000000026
239,-38.0,0.9760000000000026
240,-377.5,0.9759000000000027
241,-175.5,0.9758000000000027
242,-271.0,0.9757000000000027
243,-254.0,0.9756000000000027
244,-157.0,0.9755000000000027
245,-143.0,0.9754000000000027
246,-414.5,0.9753000000000027
247,-260.0,0.9752000000000027
248,-227.0,0.9751000000000027
249,-307.0,0.9750000000000028
250,-332.5,0.9749000000000028
251,-288.5,0.9748000000000028
252,-371.5,0.9747000000000028
253,-32.5,0.9746000000000028
254,-243.5,0.9745000000000028
255,-73.0,0.9744000000000028
256,-336.5,0.9743000000000028
257,-81.5,0.9742000000000028
258,-78.0,0.9741000000000029
259,-291.0,0.9740000000000029
260,-379.0,0.9739000000000029
261,-248.0,0.9738000000000029
262,-105.0,0.9737000000000029
263,-133.0,0.9736000000000029
264,-369.0,0.9735000000000029
265,-104.5,0.9734000000000029
266,-210.5,0.9733000000000029
267,-211.5,0.973200000000003
268,-184.5,0.973100000000003
269,-286.0,0.973000000000003
270,-105.0,0.972900000000003
271,-105.0,0.972800000000003
272,-110.5,0.972700000000003
273,-247.0,0.972600000000003
274,-322.5,0.972500000000003
275,-179.5,0.972400000000003
276,-118.5,0.972300000000003
277,-100.0,0.9722000000000031
278,-145.0,0.9721000000000031
279,-246.5,0.9720000000000031
280,-167.5,0.9719000000000031
281,-89.5,0.9718000000000031
282,-79.5,0.9717000000000031
283,-79.0,0.9716000000000031
284,-200.5,0.9715000000000031
285,-235.0,0.9714000000000031
286,-288.5,0.9713000000000032
287,-179.5,0.9712000000000032
288,-73.0,0.9711000000000032
289,-242.0,0.9710000000000032
290,-123.5,0.9709000000000032
291,-58.0,0.9708000000000032
292,-306.0,0.9707000000000032
293,-322.0,0.9706000000000032
294,-327.5,0.9705000000000032
295,-356.0,0.9704000000000033
296,-250.0,0.9703000000000033
297,-225.0,0.9702000000000033
298,-38.0,0.9701000000000033
299,-234.0,0.9700000000000033
300,-122.0,0.9699000000000033
301,-85.5,0.9698000000000033
302,-49.5,0.9697000000000033
303,-311.5,0.9696000000000033
304,-68.5,0.9695000000000034
305,-23.0,0.9694000000000034
306,-19.0,0.9693000000000034
307,-32.5,0.9692000000000034
308,-249.0,0.9691000000000034
309,-78.0,0.9690000000000034
310,-43.0,0.9689000000000034
311,-40.5,0.9688000000000034
312,-63.0,0.9687000000000034
313,-309.0,0.9686000000000035
314,-249.0,0.9685000000000035
315,-163.0,0.9684000000000035
316,-333.0,0.9683000000000035
317,-240.5,0.9682000000000035
318,-139.0,0.9681000000000035
319,-162.0,0.9680000000000035
320,-290.0,0.9679000000000035
321,-363.5,0.9678000000000035
322,-92.0,0.9677000000000036
323,-152.5,0.9676000000000036
324,-55.5,0.9675000000000036
325,-64.5,0.9674000000000036
326,-59.5,0.9673000000000036
327,-264.5,0.9672000000000036
328,-115.5,0.9671000000000036
329,-69.5,0.9670000000000036
330,-114.5,0.9669000000000036
331,-105.0,0.9668000000000037
332,-293.5,0.9667000000000037
333,-146.0,0.9666000000000037
334,-74.0,0.9665000000000037
335,-331.0,0.9664000000000037
336,-290.0,0.9663000000000037
337,-215.0,0.9662000000000037
338,-229.0,0.9661000000000037
339,-99.5,0.9660000000000037
340,-104.0,0.9659000000000038
341,-74.5,0.9658000000000038
342,-164.5,0.9657000000000038
343,-48.0,0.9656000000000038
344,-62.0,0.9655000000000038
345,-78.5,0.9654000000000038
346,-68.0,0.9653000000000038
347,-172.0,0.9652000000000038
348,-148.5,0.9651000000000038
349,-265.5,0.9650000000000039
350,-218.0,0.9649000000000039
351,-83.5,0.9648000000000039
352,-373.0,0.9647000000000039
353,-319.5,0.9646000000000039
354,-262.5,0.9645000000000039
355,-173.0,0.9644000000000039
356,-53.0,0.9643000000000039
357,-298.5,0.9642000000000039
358,-133.5,0.964100000000004
359,-147.0,0.964000000000004
360,-198.5,0.963900000000004
361,-71.0,0.963800000000004
362,-51.0,0.963700000000004
363,-214.0,0.963600000000004
364,-213.0,0.963500000000004
365,-380.5,0.963400000000004
366,-72.5,0.963300000000004
367,-138.0,0.963200000000004
368,-114.0,0.9631000000000041
369,-84.5,0.9630000000000041
370,-219.5,0.9629000000000041
371,-151.0,0.9628000000000041
372,-98.0,0.9627000000000041
373,-159.0,0.9626000000000041
374,-133.5,0.9625000000000041
375,-14.5,0.9624000000000041
376,-182.5,0.9623000000000042
377,-7.0,0.9622000000000042
378,-211.0,0.9621000000000042
379,-43.5,0.9620000000000042
380,-154.0,0.9619000000000042
381,-64.5,0.9618000000000042
382,-373.5,0.9617000000000042
383,-200.0,0.9616000000000042
384,-263.5,0.9615000000000042
385,-308.0,0.9614000000000043
386,-161.0,0.9613000000000043
387,-120.5,0.9612000000000043
388,-83.5,0.9611000000000043
389,-139.5,0.9610000000000043
390,-240.5,0.9609000000000043
391,-35.0,0.9608000000000043
392,-257.5,0.9607000000000043
393,-379.5,0.9606000000000043
394,-276.5,0.9605000000000044
395,-114.5,0.9604000000000044
396,-94.5,0.9603000000000044
397,-69.5,0.9602000000000044
398,-142.0,0.9601000000000044
399,-243.5,0.9600000000000044
400,-104.0,0.9599000000000044
401,-150.5,0.9598000000000044
402,-355.5,0.9597000000000044
403,-288.5,0.9596000000000044
404,-91.0,0.9595000000000045
405,-77.0,0.9594000000000045
406,-93.5,0.9593000000000045
407,-239.0,0.9592000000000045
408,-220.0,0.9591000000000045
409,-61.0,0.9590000000000045
410,-166.0,0.9589000000000045
411,-183.5,0.9588000000000045
412,-196.5,0.9587000000000045
413,-215.0,0.9586000000000046
414,-61.5,0.9585000000000046
415,-105.0,0.9584000000000046
416,-237.5,0.9583000000000046
417,-27.0,0.9582000000000046
418,-157.5,0.9581000000000046
419,-169.5,0.9580000000000046
420,-25.0,0.9579000000000046
421,-320.0,0.9578000000000046
422,-112.5,0.9577000000000047
423,-38.5,0.9576000000000047
424,-232.5,0.9575000000000047
425,-272.5,0.9574000000000047
426,-89.0,0.9573000000000047
427,-95.5,0.9572000000000047
428,-138.5,0.9571000000000047
429,-35.0,0.9570000000000047
430,-159.5,0.9569000000000047
431,-298.5,0.9568000000000048
432,-184.0,0.9567000000000048
433,-275.5,0.9566000000000048
434,-247.0,0.9565000000000048
435,-32.0,0.9564000000000048
436,-261.0,0.9563000000000048
437,-150.0,0.9562000000000048
438,-121.5,0.9561000000000048
439,-108.0,0.9560000000000048
440,-55.0,0.9559000000000049
441,-123.0,0.9558000000000049
442,-283.0,0.9557000000000049
443,-134.5,0.9556000000000049
444,-119.5,0.9555000000000049
445,-93.5,0.9554000000000049
446,-100.5,0.9553000000000049
447,-107.5,0.9552000000000049
448,-297.5,0.955100000000005
449,-102.0,0.955000000000005
450,-127.0,0.954900000000005
451,-94.0,0.954800000000005
452,-68.0,0.954700000000005
453,-132.0,0.954600000000005
454,-66.5,0.954500000000005
455,-184.5,0.954400000000005
456,-76.0,0.954300000000005
457,-44.0,0.954200000000005
458,-153.5,0.954100000000005
459,-42.0,0.9540000000000051
460,-73.0,0.9539000000000051
461,-311.0,0.9538000000000051
462,-380.5,0.9537000000000051
463,-267.0,0.9536000000000051
464,-56.5,0.9535000000000051
465,-128.5,0.9534000000000051
466,-141.0,0.9533000000000051
467,-94.5,0.9532000000000052
468,-107.0,0.9531000000000052
469,-197.5,0.9530000000000052
470,-248.0,0.9529000000000052
471,-157.5,0.9528000000000052
472,-28.5,0.9527000000000052
473,-36.0,0.9526000000000052
474,-17.5,0.9525000000000052
475,-187.5,0.9524000000000052
476,-138.5,0.9523000000000053
477,-149.0,0.9522000000000053
478,-228.0,0.9521000000000053
479,-129.5,0.9520000000000053
480,-172.5,0.9519000000000053
481,-119.5,0.9518000000000053
482,-64.5,0.9517000000000053
483,-103.0,0.9516000000000053
484,-181.5,0.9515000000000053
485,-205.0,0.9514000000000054
486,-343.0,0.9513000000000054
487,-107.0,0.9512000000000054
488,-94.0,0.9511000000000054
489,-212.5,0.9510000000000054
490,-171.5,0.9509000000000054
491,-69.0,0.9508000000000054
492,-76.5,0.9507000000000054
493,-230.0,0.9506000000000054
494,-65.0,0.9505000000000055
495,-246.5,0.9504000000000055
496,-18.0,0.9503000000000055
497,-102.5,0.9502000000000055
498,-86.0,0.9501000000000055
499,-148.5,0.9500000000000055
500,-191.0,0.9499000000000055
501,-160.5,0.9498000000000055
502,-121.5,0.9497000000000055
503,-207.5,0.9496000000000056
504,-201.5,0.9495000000000056
505,-88.5,0.9494000000000056
506,-277.5,0.9493000000000056
507,-264.0,0.9492000000000056
508,-202.5,0.9491000000000056
509,-245.0,0.9490000000000056
510,-15.5,0.9489000000000056
511,-165.0,0.9488000000000056
512,-231.5,0.9487000000000056
513,-280.0,0.9486000000000057
514,-74.0,0.9485000000000057
515,-195.5,0.9484000000000057
516,-57.0,0.9483000000000057
517,-116.5,0.9482000000000057
518,-202.0,0.9481000000000057
519,-68.5,0.9480000000000057
520,-294.5,0.9479000000000057
521,-320.5,0.9478000000000057
522,-247.0,0.9477000000000058
523,-31.0,0.9476000000000058
524,-43.5,0.9475000000000058
525,-142.0,0.9474000000000058
526,-253.0,0.9473000000000058
527,-141.5,0.9472000000000058
528,-280.0,0.9471000000000058
529,-74.0,0.9470000000000058
530,-237.5,0.9469000000000058
531,-45.5,0.9468000000000059
532,-34.5,0.9467000000000059
533,-149.5,0.9466000000000059
534,-82.0,0.9465000000000059
535,-200.5,0.9464000000000059
536,-188.0,0.9463000000000059
537,-84.5,0.9462000000000059
538,-46.0,0.9461000000000059
539,-69.5,0.946000000000006
540,-93.0,0.945900000000006
541,-313.0,0.945800000000006
542,-157.0,0.945700000000006
543,-156.0,0.945600000000006
544,-229.5,0.945500000000006
545,-156.5,0.945400000000006
546,-273.0,0.945300000000006
547,-183.0,0.945200000000006
548,-160.0,0.945100000000006
549,-209.5,0.9450000000000061
550,-136.0,0.9449000000000061
551,-219.5,0.9448000000000061
552,-253.5,0.9447000000000061
553,-377.5,0.9446000000000061
554,-116.5,0.9445000000000061
555,-173.0,0.9444000000000061
556,-19.0,0.9443000000000061
557,-174.0,0.9442000000000061
558,-104.5,0.9441000000000062
559,-153.0,0.9440000000000062
560,-82.5,0.9439000000000062
561,-111.5,0.9438000000000062
562,-82.0,0.9437000000000062
563,-142.0,0.9436000000000062
564,-145.5,0.9435000000000062
565,-290.0,0.9434000000000062
566,-257.0,0.9433000000000062
567,-83.0,0.9432000000000063
568,-270.5,0.9431000000000063
569,-145.0,0.9430000000000063
570,-20.0,0.9429000000000063
571,-7.5,0.9428000000000063
572,-11.0,0.9427000000000063
573,-92.0,0.9426000000000063
574,-184.0,0.9425000000000063
575,-262.5,0.9424000000000063
576,-81.5,0.9423000000000064
577,-102.0,0.9422000000000064
578,-69.0,0.9421000000000064
579,-186.0,0.9420000000000064
580,-231.5,0.9419000000000064
581,-168.5,0.9418000000000064
582,-190.5,0.9417000000000064
583,-45.5,0.9416000000000064
584,-35.0,0.9415000000000064
585,-175.0,0.9414000000000065
586,-66.5,0.9413000000000065
587,-1.0,0.9412000000000065
588,-75.0,0.9411000000000065
589,-182.5,0.9410000000000065
590,-134.0,0.9409000000000065
591,-63.0,0.9408000000000065
592,-130.0,0.9407000000000065
593,-258.5,0.9406000000000065
594,-92.0,0.9405000000000066
595,-230.0,0.9404000000000066
596,-79.0,0.9403000000000066
597,-30.0,0.9402000000000066
598,-112.5,0.9401000000000066
599,-40.5,0.9400000000000066
600,-34.0,0.9399000000000066
601,-28.0,0.9398000000000066
602,-40.0,0.9397000000000066
603,-58.5,0.9396000000000067
604,-74.5,0.9395000000000067
605,-33.5,0.9394000000000067
606,-28.0,0.9393000000000067
607,-241.0,0.9392000000000067
608,-92.5,0.9391000000000067
609,-197.5,0.9390000000000067
610,-134.0,0.9389000000000067
611,-116.5,0.9388000000000067
612,-67.5,0.9387000000000068
613,-142.5,0.9386000000000068
614,-186.5,0.9385000000000068
615,-177.5,0.9384000000000068
616,-166.0,0.9383000000000068
617,-130.5,0.9382000000000068
618,-266.0,0.9381000000000068
619,-45.0,0.9380000000000068
620,-55.5,0.9379000000000068
621,-20.5,0.9378000000000069
622,-202.0,0.9377000000000069
623,-142.5,0.9376000000000069
624,-95.0,0.9375000000000069
625,-86.0,0.9374000000000069
626,-47.5,0.9373000000000069
627,-125.0,0.9372000000000069
628,-109.5,0.9371000000000069
629,-215.5,0.9370000000000069
630,-142.5,0.936900000000007
631,-232.5,0.936800000000007
632,-84.0,0.936700000000007
633,-218.5,0.936600000000007
634,-154.5,0.936500000000007
635,-95.0,0.936400000000007
636,-180.5,0.936300000000007
637,-94.5,0.936200000000007
638,-132.0,0.936100000000007
639,-95.5,0.936000000000007
640,-197.0,0.9359000000000071
641,-116.5,0.9358000000000071
642,-88.0,0.9357000000000071
643,-196.5,0.9356000000000071
644,-113.0,0.9355000000000071
645,-122.5,0.9354000000000071
646,-195.0,0.9353000000000071
647,-86.0,0.9352000000000071
648,-89.0,0.9351000000000071
649,-74.0,0.9350000000000072
650,-111.0,0.9349000000000072
651,-74.0,0.9348000000000072
652,-40.0,0.9347000000000072
653,-50.5,0.9346000000000072
654,-94.5,0.9345000000000072
655,-56.0,0.9344000000000072
656,-102.5,0.9343000000000072
657,-91.0,0.9342000000000072
658,-156.5,0.9341000000000073
659,-154.5,0.9340000000000073
660,-91.5,0.9339000000000073
661,-123.5,0.9338000000000073
662,-107.5,0.9337000000000073
663,-24.0,0.9336000000000073
664,-213.0,0.9335000000000073
665,-52.5,0.9334000000000073
666,-76.5,0.9333000000000073
667,-93.0,0.9332000000000074
668,-31.5,0.9331000000000074
669,-103.0,0.9330000000000074
670,-114.5,0.9329000000000074
671,-96.5,0.9328000000000074
672,-245.0,0.9327000000000074
673,-172.5,0.9326000000000074
674,-150.0,0.9325000000000074
675,-166.0,0.9324000000000074
676,-146.0,0.9323000000000075
677,-132.5,0.9322000000000075
678,-82.0,0.9321000000000075
679,-78.5,0.9320000000000075
680,-37.0,0.9319000000000075
681,-42.5,0.9318000000000075
682,-63.0,0.9317000000000075
683,-251.0,0.9316000000000075
684,-140.0,0.9315000000000075
685,-175.5,0.9314000000000076
686,-7.0,0.9313000000000076
687,-69.5,0.9312000000000076
688,-131.0,0.9311000000000076
689,-143.0,0.9310000000000076
690,-165.0,0.9309000000000076
691,-19.0,0.9308000000000076
692,-186.5,0.9307000000000076
693,-83.0,0.9306000000000076
694,-101.0,0.9305000000000077
695,-96.5,0.9304000000000077
696,-55.5,0.9303000000000077
697,-155.0,0.9302000000000077
698,-110.0,0.9301000000000077
699,-144.0,0.9300000000000077
700,-152.5,0.9299000000000077
701,-189.5,0.9298000000000077
702,-44.5,0.9297000000000077
703,-139.0,0.9296000000000078
704,-62.0,0.9295000000000078
705,-75.0,0.9294000000000078
706,-141.0,0.9293000000000078
707,-54.5,0.9292000000000078
708,-11.5,0.9291000000000078
709,-54.0,0.9290000000000078
710,-89.5,0.9289000000000078
711,-174.0,0.9288000000000078
712,-96.5,0.9287000000000079
713,-122.5,0.9286000000000079
714,-156.0,0.9285000000000079
715,-107.5,0.9284000000000079
716,-114.5,0.9283000000000079
717,-104.0,0.9282000000000079
718,-195.0,0.9281000000000079
719,-240.5,0.9280000000000079
720,-145.0,0.9279000000000079
721,-120.0,0.927800000000008
722,-173.5,0.927700000000008
723,-95.0,0.927600000000008
724,-115.0,0.927500000000008
725,-261.0,0.927400000000008
726,-100.0,0.927300000000008
727,-195.0,0.927200000000008
728,-73.5,0.927100000000008
729,-80.0,0.927000000000008
730,-144.5,0.926900000000008
731,-162.0,0.9268000000000081
732,-140.0,0.9267000000000081
733,-99.0,0.9266000000000081
734,-216.5,0.9265000000000081
735,-39.0,0.9264000000000081
736,-229.0,0.9263000000000081
737,-103.5,0.9262000000000081
738,-251.5,0.9260000000000081
739,-49.0,0.9259000000000082
740,-132.0,0.9258000000000082
741,-258.0,0.9257000000000082
742,-127.5,0.9256000000000082
743,-103.5,0.9255000000000082
744,-124.0,0.9254000000000082
745,-61.0,0.9253000000000082
746,-206.5,0.9252000000000082
747,-95.0,0.9251000000000082
748,-51.0,0.9250000000000083
749,-109.5,0.9249000000000083
750,-231.5,0.9248000000000083
751,-19.5,0.9247000000000083
752,-119.0,0.9246000000000083
753,-148.0,0.9245000000000083
754,-68.0,0.9244000000000083
755,-54.0,0.9243000000000083
756,-154.0,0.9242000000000083
757,-110.0,0.9241000000000084
758,-27.5,0.9240000000000084
759,-171.5,0.9239000000000084
760,-79.5,0.9238000000000084
761,-37.0,0.9237000000000084
762,-68.0,0.9236000000000084
763,-97.0,0.9235000000000084
764,-51.5,0.9234000000000084
765,-29.5,0.9233000000000084
766,-120.5,0.9232000000000085
767,-119.5,0.9231000000000085
768,-33.5,0.9230000000000085
769,-177.5,0.9229000000000085
770,-188.0,0.9228000000000085
771,-56.5,0.9227000000000085
772,-129.0,0.9226000000000085
773,-193.0,0.9225000000000085
774,-134.0,0.9224000000000085
775,-92.0,0.9223000000000086
776,-131.0,0.9222000000000086
777,-200.5,0.9221000000000086
778,-169.5,0.9220000000000086
779,-55.5,0.9219000000000086
780,-176.0,0.9218000000000086
781,-79.5,0.9217000000000086
782,-208.0,0.9216000000000086
783,-29.0,0.9215000000000086
784,-208.0,0.9214000000000087
785,-105.0,0.9213000000000087
786,-89.0,0.9212000000000087
787,-53.5,0.9211000000000087
788,-62.0,0.9210000000000087
789,-97.0,0.9209000000000087
790,-74.0,0.9208000000000087
791,-300.5,0.9207000000000087
792,-131.0,0.9206000000000087
793,-57.5,0.9205000000000088
794,-168.5,0.9204000000000088
795,-47.0,0.9203000000000088
796,-100.0,0.9202000000000088
797,-74.5,0.9201000000000088
798,-233.5,0.9200000000000088
799,-39.5,0.9199000000000088
800,-133.5,0.9198000000000088
801,-137.5,0.9197000000000088
802,-71.0,0.9196000000000089
803,-99.0,0.9195000000000089
804,-103.5,0.9194000000000089
805,-194.5,0.9193000000000089
806,-54.5,0.9192000000000089
807,-70.5,0.9191000000000089
808,-108.5,0.9190000000000089
809,-132.5,0.9189000000000089
810,-34.5,0.9188000000000089
811,-70.0,0.918700000000009
812,-135.5,0.918600000000009
813,-144.5,0.918500000000009
814,-131.5,0.918400000000009
815,-20.0,0.918300000000009
816,-150.5,0.918200000000009
817,-83.0,0.918100000000009
818,-107.0,0.918000000000009
819,-123.0,0.917900000000009
820,-37.0,0.917800000000009
821,-25.5,0.9177000000000091
822,-56.5,0.9176000000000091
823,-60.0,0.9175000000000091
824,-102.0,0.9174000000000091
825,-79.0,0.9173000000000091
826,-105.0,0.9172000000000091
827,-70.0,0.9171000000000091
828,-211.5,0.9170000000000091
829,-78.0,0.9169000000000092
830,-120.5,0.9168000000000092
831,-143.5,0.9167000000000092
832,-78.5,0.9166000000000092
833,-51.0,0.9165000000000092
834,-63.0,0.9164000000000092
835,-145.0,0.9163000000000092
836,-56.5,0.9162000000000092
837,-19.0,0.9161000000000092
838,-140.5,0.9160000000000093
839,-81.5,0.9159000000000093
840,-70.0,0.9158000000000093
841,-71.0,0.9157000000000093
842,-35.0,0.9156000000000093
843,-51.0,0.9155000000000093
844,-100.5,0.9154000000000093
845,-29.0,0.9153000000000093
846,-108.5,0.9152000000000093
847,-109.0,0.9151000000000094
848,-174.5,0.9150000000000094
849,-186.5,0.9149000000000094
850,-214.5,0.9148000000000094
851,-61.5,0.9147000000000094
852,-169.5,0.9146000000000094
853,-85.5,0.9145000000000094
854,-141.5,0.9144000000000094
855,-145.0,0.9143000000000094
856,-27.0,0.9142000000000094
857,-126.0,0.9141000000000095
858,-88.5,0.9140000000000095
859,-125.5,0.9139000000000095
860,-129.0,0.9138000000000095
861,-215.0,0.9137000000000095
862,-225.0,0.9136000000000095
863,-56.0,0.9135000000000095
864,-111.5,0.9134000000000095
865,-64.5,0.9133000000000095
866,-144.0,0.9132000000000096
867,-45.0,0.9131000000000096
868,-152.0,0.9130000000000096
869,-118.0,0.9129000000000096
870,-106.0,0.9128000000000096
871,-274.0,0.9127000000000096
872,-298.5,0.9126000000000096
873,-105.5,0.9125000000000096
874,-139.0,0.9124000000000096
875,-94.5,0.9123000000000097
876,-16.5,0.9122000000000097
877,-114.5,0.9121000000000097
878,-75.5,0.9120000000000097
879,-87.0,0.9119000000000097
880,-106.5,0.9118000000000097
881,-60.5,0.9117000000000097
882,-69.0,0.9116000000000097
883,-23.5,0.9115000000000097
884,-34.5,0.9114000000000098
885,-52.0,0.9113000000000098
886,-122.0,0.9112000000000098
887,-215.0,0.9111000000000098
888,-60.0,0.9110000000000098
889,-43.5,0.9109000000000098
890,-60.5,0.9108000000000098
891,-42.5,0.9107000000000098
892,-14.5,0.9106000000000098
893,-57.0,0.9105000000000099
894,-156.5,0.9104000000000099
895,-87.5,0.9103000000000099
896,-76.0,0.9102000000000099
897,-68.5,0.9101000000000099
898,-89.5,0.9100000000000099
899,-42.0,0.9099000000000099
900,-79.0,0.9098000000000099
901,-98.0,0.90970000000001
902,-62.0,0.90960000000001
903,-110.0,0.90950000000001
904,-31.5,0.90940000000001
905,-34.0,0.90930000000001
906,-61.5,0.90920000000001
907,-124.0,0.90910000000001
908,-90.0,0.90900000000001
909,-60.0,0.90890000000001
910,-123.5,0.90880000000001
911,-37.0,0.90870000000001
912,-69.5,0.9086000000000101
913,-92.0,0.9085000000000101
914,-92.5,0.9084000000000101
915,-60.0,0.9083000000000101
916,-30.5,0.9082000000000101
917,-80.0,0.9081000000000101
918,-92.5,0.9080000000000101
919,-70.5,0.9079000000000101
920,-80.5,0.9078000000000102
921,-53.0,0.9077000000000102
922,-112.0,0.9076000000000102
923,-118.5,0.9075000000000102
924,-26.5,0.9074000000000102
925,-186.5,0.9073000000000102
926,-131.0,0.9072000000000102
927,-29.5,0.9071000000000102
928,-108.0,0.9070000000000102
929,-35.0,0.9069000000000103
930,-119.5,0.9068000000000103
931,-184.5,0.9067000000000103
932,-77.5,0.9066000000000103
933,-77.0,0.9065000000000103
934,-56.5,0.9064000000000103
935,-99.5,0.9063000000000103
936,-113.5,0.9062000000000103
937,-28.0,0.9061000000000103
938,-131.5,0.9060000000000104
939,-14.5,0.9059000000000104
940,-65.0,0.9058000000000104
941,-56.0,0.9057000000000104
942,-13.5,0.9056000000000104
943,-218.5,0.9055000000000104
944,-289.0,0.9054000000000104
945,-72.5,0.9053000000000104
946,-106.0,0.9052000000000104
947,-106.5,0.9051000000000105
948,-178.5,0.9050000000000105
949,-126.0,0.9049000000000105
950,-125.0,0.9048000000000105
951,-77.5,0.9047000000000105
952,-135.0,0.9046000000000105
953,-257.5,0.9045000000000105
954,-109.5,0.9044000000000105
955,-151.5,0.9043000000000105
956,-69.5,0.9042000000000106
957,-101.5,0.9041000000000106
958,-37.0,0.9040000000000106
959,-78.5,0.9039000000000106
960,-115.5,0.9038000000000106
961,-69.5,0.9037000000000106
962,-81.0,0.9036000000000106
963,-68.5,0.9035000000000106
964,-101.0,0.9034000000000106
965,-83.5,0.9033000000000106
966,-60.5,0.9032000000000107
967,-123.5,0.9031000000000107
968,-126.5,0.9030000000000107
969,-108.0,0.9029000000000107
970,-110.5,0.9028000000000107
971,-66.5,0.9027000000000107
972,-68.5,0.9026000000000107
973,-67.5,0.9025000000000107
974,-159.5,0.9024000000000107
975,-128.5,0.9023000000000108
976,-21.0,0.9022000000000108
977,-118.5,0.9021000000000108
978,-33.0,0.9020000000000108
979,-89.0,0.9019000000000108
980,-174.0,0.9018000000000108
981,-36.5,0.9017000000000108
982,-44.0,0.9016000000000108
983,-44.0,0.9015000000000108
984,-87.0,0.9014000000000109
985,-68.5,0.9013000000000109
986,-102.5,0.9012000000000109
987,-114.0,0.9011000000000109
988,-121.5,0.9010000000000109
989,-10.5,0.9009000000000109
990,-110.5,0.9008000000000109
991,-152.5,0.9007000000000109
992,-79.0,0.900600000000011
993,-86.5,0.900500000000011
994,-109.0,0.900400000000011
995,-73.0,0.900300000000011
996,-71.0,0.900200000000011
997,-117.5,0.900100000000011
998,-55.0,0.900000000000011
999,-95.0,0.899900000000011
1000,-62.0,0.899800000000011
1001,-49.0,0.899700000000011
1002,-42.5,0.8996000000000111
1003,-130.5,0.8995000000000111
1004,-117.0,0.8994000000000111
1005,-158.5,0.8993000000000111
1006,-29.5,0.8992000000000111
1007,-113.0,0.8991000000000111
1008,-65.0,0.8990000000000111
1009,-67.5,0.8989000000000111
1010,-102.5,0.8988000000000111
1011,-241.0,0.8987000000000112
1012,-147.5,0.8986000000000112
1013,-40.0,0.8985000000000112
1014,-102.5,0.8984000000000112
1015,-56.0,0.8983000000000112
1016,-75.5,0.8982000000000112
1017,-50.5,0.8981000000000112
1018,-268.5,0.8980000000000112
1019,-69.5,0.8979000000000112
1020,-93.5,0.8978000000000113
1021,-79.5,0.8977000000000113
1022,-73.5,0.8976000000000113
1023,-63.0,0.8975000000000113
1024,-50.5,0.8974000000000113
1025,-32.0,0.8973000000000113
1026,-55.5,0.8972000000000113
1027,-117.0,0.8971000000000113
1028,-103.0,0.8970000000000113
1029,-100.0,0.8969000000000114
1030,-119.5,0.8968000000000114
1031,-74.0,0.8967000000000114
1032,-185.0,0.8966000000000114
1033,-124.0,0.8965000000000114
1034,-106.0,0.8964000000000114
1035,-30.5,0.8963000000000114
1036,-58.5,0.8962000000000114
1037,-59.5,0.8961000000000114
1038,-81.0,0.8960000000000115
1039,-97.0,0.8959000000000115
1040,-100.5,0.8958000000000115
1041,-63.0,0.8957000000000115
1042,-39.5,0.8956000000000115
1043,-129.0,0.8955000000000115
1044,-153.5,0.8954000000000115
1045,-123.0,0.8953000000000115
1046,-82.0,0.8952000000000115
1047,-72.5,0.8951000000000116
1048,-118.5,0.8950000000000116
1049,-124.0,0.8949000000000116
1050,-95.5,0.8948000000000116
1051,-118.5,0.8947000000000116
1052,-64.0,0.8946000000000116
1053,-46.5,0.8945000000000116
1054,-127.0,0.8944000000000116
1055,-39.0,0.8943000000000116
1056,-158.5,0.8942000000000117
1057,-83.5,0.8941000000000117
1058,-68.5,0.8940000000000117
1059,-81.5,0.8939000000000117
1060,-196.5,0.8938000000000117
1061,-118.5,0.8937000000000117
1062,-48.0,0.8936000000000117
1063,-70.0,0.8935000000000117
1064,-23.0,0.8934000000000117
1065,-143.5,0.8933000000000118
1066,-83.0,0.8932000000000118
1067,-104.0,0.8931000000000118
1068,-39.0,0.8930000000000118
1069,-55.0,0.8929000000000118
1070,-56.0,0.8928000000000118
1071,-94.5,0.8927000000000118
1072,-56.5,0.8926000000000118
1073,-136.0,0.8925000000000118
1074,-89.0,0.8924000000000119
1075,-37.0,0.8923000000000119
1076,-47.5,0.8922000000000119
1077,-84.5,0.8921000000000119
1078,-103.0,0.8920000000000119
1079,-98.5,0.8919000000000119
1080,-44.0,0.8918000000000119
1081,-70.0,0.8917000000000119
1082,-89.5,0.8916000000000119
1083,-7.0,0.891500000000012
1084,-89.5,0.891400000000012
1085,-74.5,0.891300000000012
1086,-83.5,0.891200000000012
1087,-121.0,0.891100000000012
1088,-69.5,0.891000000000012
1089,-58.5,0.890900000000012
1090,-60.5,0.890800000000012
1091,-99.5,0.890700000000012
1092,-58.5,0.890600000000012
1093,-73.5,0.8905000000000121
1094,-46.0,0.8904000000000121
1095,-105.5,0.8903000000000121
1096,-63.5,0.8902000000000121
1097,-62.0,0.8901000000000121
1098,-57.5,0.8900000000000121
1099,-56.0,0.8899000000000121
1100,-48.0,0.8898000000000121
1101,-119.0,0.8897000000000121
1102,-103.0,0.8896000000000122
1103,-26.5,0.8895000000000122
1104,-38.0,0.8894000000000122
1105,-59.0,0.8893000000000122
1106,-45.0,0.8892000000000122
1107,-26.5,0.8891000000000122
1108,-73.0,0.8890000000000122
1109,-17.0,0.8889000000000122
1110,-184.5,0.8888000000000122
1111,-43.5,0.8887000000000123
1112,-160.0,0.8886000000000123
1113,-83.0,0.8885000000000123
1114,-28.5,0.8884000000000123
1115,-27.5,0.8883000000000123
1116,-53.5,0.8882000000000123
1117,-145.0,0.8881000000000123
1118,-69.0,0.8880000000000123
1119,-307.0,0.8879000000000123
1120,-22.0,0.8878000000000124
1121,-80.5,0.8877000000000124
1122,-14.0,0.8876000000000124
1123,-39.0,0.8875000000000124
1124,-78.5,0.8874000000000124
1125,-132.5,0.8873000000000124
1126,-17.0,0.8872000000000124
1127,-145.5,0.8871000000000124
1128,-1.0,0.8870000000000124
1129,-86.5,0.8869000000000125
1130,-97.5,0.8868000000000125
1131,-116.5,0.8867000000000125
1132,-130.0,0.8866000000000125
1133,-22.5,0.8865000000000125
1134,-68.0,0.8864000000000125
1135,-82.5,0.8863000000000125
1136,-55.0,0.8862000000000125
1137,-55.0,0.8861000000000125
1138,-86.5,0.8860000000000126
1139,-76.0,0.8859000000000126
1140,-79.0,0.8858000000000126
1141,-34.0,0.8857000000000126
1142,-53.5,0.8856000000000126
1143,-35.0,0.8855000000000126
1144,-84.5,0.8854000000000126
1145,-33.5,0.8853000000000126
1146,-41.5,0.8852000000000126
1147,-90.5,0.8851000000000127
1148,-119.5,0.8850000000000127
1149,-141.5,0.8849000000000127
1150,-17.5,0.8848000000000127
1151,-6.5,0.8847000000000127
1152,-149.5,0.8846000000000127
1153,-44.5,0.8845000000000127
1154,-48.5,0.8844000000000127
1155,-53.5,0.8843000000000127
1156,-71.0,0.8842000000000128
1157,-47.5,0.8841000000000128
1158,-81.0,0.8840000000000128
1159,-33.5,0.8839000000000128
1160,-139.5,0.8838000000000128
1161,-34.0,0.8837000000000128
1162,-48.5,0.8836000000000128
1163,-77.0,0.8835000000000128
1164,-55.0,0.8834000000000128
1165,-119.0,0.8833000000000129
1166,-76.0,0.8832000000000129
1167,-60.5,0.8831000000000129
1168,-71.5,0.8830000000000129
1169,-114.5,0.8829000000000129
1170,-57.5,0.8828000000000129
1171,-51.5,0.8827000000000129
1172,-89.5,0.8826000000000129
1173,-87.5,0.8825000000000129
1174,-120.0,0.882400000000013
1175,-72.0,0.882300000000013
1176,-17.5,0.882200000000013
1177,-74.5,0.882100000000013
1178,-57.5,0.882000000000013
1179,-81.0,0.881900000000013
1180,-87.0,0.881800000000013
1181,-25.0,0.881700000000013
1182,-121.5,0.881600000000013
1183,-72.0,0.881500000000013
1184,-70.5,0.8814000000000131
1185,-54.0,0.8813000000000131
1186,-40.0,0.8812000000000131
1187,-105.0,0.8811000000000131
1188,-131.0,0.8810000000000131
1189,-99.5,0.8809000000000131
1190,-74.0,0.8808000000000131
1191,-66.5,0.8807000000000131
1192,-82.0,0.8806000000000132
1193,-22.5,0.8805000000000132
1194,-62.5,0.8804000000000132
1195,-61.0,0.8803000000000132
1196,-129.5,0.8802000000000132
1197,-23.5,0.8801000000000132
1198,-104.5,0.8800000000000132
1199,-29.0,0.8799000000000132
1200,-94.5,0.8798000000000132
1201,-52.5,0.8797000000000132
1202,-101.5,0.8796000000000133
1203,-73.0,0.8795000000000133
1204,-130.0,0.8794000000000133
1205,-45.0,0.8793000000000133
1206,-43.5,0.8792000000000133
1207,-22.5,0.8791000000000133
1208,-58.5,0.8790000000000133
1209,-85.5,0.8789000000000133
1210,-69.0,0.8788000000000133
1211,-131.5,0.8787000000000134
1212,-46.5,0.8786000000000134
1213,-36.5,0.8785000000000134
1214,-51.5,0.8784000000000134
1215,-115.0,0.8783000000000134
1216,-36.5,0.8782000000000134
1217,-68.0,0.8781000000000134
1218,-57.5,0.8780000000000134
1219,-133.0,0.8779000000000134
1220,-60.0,0.8778000000000135
1221,-54.5,0.8777000000000135
1222,-30.5,0.8776000000000135
1223,-127.0,0.8775000000000135
1224,-51.0,0.8774000000000135
1225,-78.0,0.8773000000000135
1226,-39.0,0.8772000000000135
1227,-34.5,0.8771000000000135
1228,-62.5,0.8770000000000135
1229,-101.0,0.8769000000000136
1230,-25.0,0.8768000000000136
1231,-68.5,0.8767000000000136
1232,-16.5,0.8766000000000136
1233,-79.5,0.8765000000000136
1234,-51.5,0.8764000000000136
1235,-92.5,0.8763000000000136
1236,-33.0,0.8762000000000136
1237,-32.5,0.8761000000000136
1238,-111.5,0.8760000000000137
1239,-36.0,0.8759000000000137
1240,-20.5,0.8758000000000137
1241,-102.5,0.8757000000000137
1242,-64.5,0.8756000000000137
1243,-83.0,0.8755000000000137
1244,-57.5,0.8754000000000137
1245,-30.5,0.8753000000000137
1246,-141.0,0.8752000000000137
1247,-74.0,0.8751000000000138
1248,-62.5,0.8750000000000138
1249,-38.0,0.8749000000000138
1250,-59.5,0.8748000000000138
1251,-90.0,0.8747000000000138
1252,-108.0,0.8746000000000138
1253,-76.5,0.8745000000000138
1254,-39.0,0.8744000000000138
1255,-114.5,0.8743000000000138
1256,-65.0,0.8742000000000139
1257,-32.5,0.8741000000000139
1258,-41.0,0.8740000000000139
1259,-24.0,0.8739000000000139
1260,-41.0,0.8738000000000139
1261,-105.0,0.8737000000000139
1262,-41.5,0.8736000000000139
1263,-99.5,0.8735000000000139
1264,-52.0,0.8734000000000139
1265,-96.0,0.873300000000014
1266,-34.0,0.873200000000014
1267,-30.5,0.873100000000014
1268,-62.5,0.873000000000014
1269,-27.0,0.872900000000014
1270,-72.0,0.872800000000014
1271,-41.5,0.872700000000014
1272,-160.5,0.872600000000014
1273,-72.5,0.872500000000014
1274,-73.5,0.872400000000014
1275,-66.0,0.8723000000000141
1276,-76.0,0.8722000000000141
1277,-102.5,0.8721000000000141
1278,-88.5,0.8720000000000141
1279,-50.5,0.8719000000000141
1280,-128.0,0.8718000000000141
1281,-160.0,0.8717000000000141
1282,-61.5,0.8716000000000141
1283,-183.0,0.8715000000000142
1284,-38.0,0.8714000000000142
1285,-41.0,0.8713000000000142
1286,-48.0,0.8712000000000142
1287,-63.0,0.8711000000000142
1288,-104.0,0.8710000000000142
1289,-53.5,0.8709000000000142
1290,-47.0,0.8708000000000142
1291,-70.0,0.8707000000000142
1292,-73.5,0.8706000000000143
1293,-84.5,0.8705000000000143
1294,-10.0,0.8704000000000143
1295,-78.5,0.8703000000000143
1296,-32.0,0.8702000000000143
1297,-121.0,0.8701000000000143
1298,-28.0,0.8700000000000143
1299,-53.5,0.8699000000000143
1300,-44.5,0.8698000000000143
1301,-54.0,0.8697000000000144
1302,-75.5,0.8696000000000144
1303,-84.5,0.8695000000000144
1304,-57.0,0.8694000000000144
1305,-88.0,0.8693000000000144
1306,-72.0,0.8692000000000144
1307,-9.0,0.8691000000000144
1308,-85.5,0.8690000000000144
1309,-77.0,0.8689000000000144
1310,-36.5,0.8688000000000144
1311,-36.5,0.8687000000000145
1312,-86.5,0.8686000000000145
1313,-109.0,0.8685000000000145
1314,-53.5,0.8684000000000145
1315,-97.5,0.8683000000000145
1316,-72.0,0.8682000000000145
1317,-65.5,0.8681000000000145
1318,-41.0,0.8680000000000145
1319,-35.0,0.8679000000000145
1320,-43.0,0.8678000000000146
1321,-126.0,0.8677000000000146
1322,-71.0,0.8676000000000146
1323,-49.0,0.8675000000000146
1324,-83.0,0.8674000000000146
1325,-59.5,0.8673000000000146
1326,-105.5,0.8672000000000146
1327,-65.5,0.8671000000000146
1328,-87.0,0.8670000000000146
1329,-102.0,0.8669000000000147
1330,-63.5,0.8668000000000147
1331,-48.5,0.8667000000000147
1332,-79.0,0.8666000000000147
1333,-54.5,0.8665000000000147
1334,-63.0,0.8664000000000147
1335,-150.5,0.8663000000000147
1336,-65.0,0.8662000000000147
1337,-61.0,0.8661000000000147
1338,-46.0,0.8660000000000148
1339,-56.0,0.8659000000000148
1340,-31.0,0.8658000000000148
1341,-97.5,0.8657000000000148
1342,-44.0,0.8656000000000148
1343,-49.5,0.8655000000000148
1344,-61.0,0.8654000000000148
1345,-96.5,0.8653000000000148
1346,-99.0,0.8652000000000148
1347,-86.5,0.8651000000000149
1348,-107.0,0.8650000000000149
1349,-69.5,0.8649000000000149
1350,-34.5,0.8648000000000149
1351,-43.0,0.8647000000000149
1352,-70.5,0.8646000000000149
1353,-113.5,0.8645000000000149
1354,-100.5,0.8644000000000149
1355,-57.0,0.864300000000015
1356,-29.5,0.864200000000015
1357,-56.0,0.864100000000015
1358,-42.5,0.864000000000015
1359,-33.5,0.863900000000015
1360,-72.5,0.863800000000015
1361,-56.5,0.863700000000015
1362,-47.0,0.863600000000015
1363,-33.0,0.863500000000015
1364,-100.5,0.863400000000015
1365,-47.0,0.863300000000015
1366,-48.0,0.8632000000000151
1367,-55.5,0.8631000000000151
1368,-55.0,0.8630000000000151
1369,-66.5,0.8629000000000151
1370,-42.0,0.8628000000000151
1371,-65.5,0.8627000000000151
1372,-41.0,0.8626000000000151
1373,-75.5,0.8625000000000151
1374,-52.0,0.8624000000000152
1375,-249.0,0.8623000000000152
1376,-40.5,0.8622000000000152
1377,-45.5,0.8621000000000152
1378,-72.5,0.8620000000000152
1379,-70.0,0.8619000000000152
1380,-69.5,0.8618000000000152
1381,-106.0,0.8617000000000152
1382,-77.0,0.8616000000000152
1383,-34.5,0.8615000000000153
1384,-27.0,0.8614000000000153
1385,-55.0,0.8613000000000153
1386,-40.5,0.8612000000000153
1387,-64.5,0.8611000000000153
1388,-56.5,0.8610000000000153
1389,-45.5,0.8609000000000153
1390,-48.5,0.8608000000000153
1391,-39.0,0.8607000000000153
1392,-80.0,0.8606000000000154
1393,-45.5,0.8605000000000154
1394,-43.5,0.8604000000000154
1395,-43.0,0.8603000000000154
1396,-64.5,0.8602000000000154
1397,-62.0,0.8601000000000154
1398,-48.5,0.8600000000000154
1399,-62.0,0.8599000000000154
1400,-31.5,0.8598000000000154
1401,-11.5,0.8597000000000155
1402,-41.5,0.8596000000000155
1403,-57.5,0.8595000000000155
1404,-52.0,0.8594000000000155
1405,-39.5,0.8593000000000155
1406,-75.5,0.8592000000000155
1407,-11.5,0.8591000000000155
1408,-38.0,0.8590000000000155
1409,-45.0,0.8589000000000155
1410,-88.5,0.8588000000000156
1411,-70.5,0.8587000000000156
1412,-19.0,0.8586000000000156
1413,-120.5,0.8585000000000156
1414,-49.0,0.8584000000000156
1415,-102.0,0.8583000000000156
1416,-82.0,0.8582000000000156
1417,-61.0,0.8581000000000156
1418,-27.0,0.8580000000000156
1419,-91.5,0.8579000000000157
1420,-38.0,0.8578000000000157
1421,-185.5,0.8577000000000157
1422,-48.5,0.8576000000000157
1423,-85.5,0.8575000000000157
1424,-43.0,0.8574000000000157
1425,-49.0,0.8573000000000157
1426,-67.0,0.8572000000000157
1427,-62.5,0.8571000000000157
1428,-81.5,0.8570000000000157
1429,-46.0,0.8569000000000158
1430,-55.0,0.8568000000000158
1431,-73.0,0.8567000000000158
1432,-30.0,0.8566000000000158
1433,-60.5,0.8565000000000158
1434,-67.0,0.8564000000000158
1435,-68.5,0.8563000000000158
1436,-50.5,0.8562000000000158
1437,-55.0,0.8561000000000158
1438,-75.0,0.8560000000000159
1439,-183.0,0.8559000000000159
1440,-94.5,0.8558000000000159
1441,-102.0,0.8557000000000159
1442,-76.5,0.8556000000000159
1443,-142.0,0.8555000000000159
1444,-72.5,0.8554000000000159
1445,-55.5,0.8553000000000159
1446,-73.5,0.855200000000016
1447,-69.5,0.855100000000016
1448,-67.0,0.855000000000016
1449,-87.5,0.854900000000016
1450,-47.5,0.854800000000016
1451,-21.5,0.854700000000016
1452,-57.5,0.854600000000016
1453,-19.5,0.854500000000016
1454,-58.0,0.854400000000016
1455,-32.0,0.854300000000016
1456,-19.5,0.8542000000000161
1457,-163.0,0.8541000000000161
1458,-13.0,0.8540000000000161
1459,-47.0,0.8539000000000161
1460,-71.0,0.8538000000000161
1461,-75.5,0.8537000000000161
1462,-62.0,0.8536000000000161
1463,-102.0,0.8535000000000161
1464,-82.0,0.8534000000000161
1465,-75.5,0.8533000000000162
1466,-33.5,0.8532000000000162
1467,-49.5,0.8531000000000162
1468,-53.5,0.8530000000000162
1469,-104.5,0.8529000000000162
1470,-59.5,0.8528000000000162
1471,-83.5,0.8527000000000162
1472,-61.0,0.8526000000000162
1473,-32.5,0.8525000000000162
1474,-47.0,0.8524000000000163
1475,-74.0,0.8523000000000163
1476,-72.5,0.8522000000000163
1477,-81.0,0.8521000000000163
1478,-61.0,0.8520000000000163
1479,-42.0,0.8519000000000163
1480,-41.5,0.8518000000000163
1481,-46.5,0.8517000000000163
1482,-51.5,0.8516000000000163
1483,-13.0,0.8515000000000164
1484,-46.0,0.8514000000000164
1485,-33.5,0.8513000000000164
1486,-73.0,0.8512000000000164
1487,-63.0,0.8511000000000164
1488,-28.0,0.8510000000000164
1489,-101.5,0.8509000000000164
1490,-87.0,0.8508000000000164
1491,-67.5,0.8507000000000164
1492,-84.0,0.8506000000000165
1493,-102.0,0.8505000000000165
1494,-46.0,0.8504000000000165
1495,-73.5,0.8503000000000165
1496,-59.0,0.8502000000000165
1497,-36.5,0.8501000000000165
1498,-82.5,0.8500000000000165
1499,-53.0,0.8499000000000165
1500,-46.5,0.8498000000000165
1501,-101.0,0.8497000000000166
1502,-30.0,0.8496000000000166
1503,-99.0,0.8495000000000166
1504,-87.5,0.8494000000000166
1505,-33.0,0.8493000000000166
1506,-7.5,0.8492000000000166
1507,-35.5,0.8491000000000166
1508,-65.5,0.8490000000000166
1509,-85.0,0.8489000000000166
1510,-75.0,0.8488000000000167
1511,-48.5,0.8487000000000167
1512,-48.5,0.8486000000000167
1513,-88.5,0.8485000000000167
1514,-167.5,0.8484000000000167
1515,-111.0,0.8483000000000167
1516,-57.0,0.8482000000000167
1517,-52.0,0.8481000000000167
1518,-50.5,0.8480000000000167
1519,-93.0,0.8479000000000168
1520,-113.0,0.8478000000000168
1521,-65.0,0.8477000000000168
1522,-32.0,0.8476000000000168
1523,-81.5,0.8475000000000168
1524,-46.0,0.8474000000000168
1525,-45.5,0.8473000000000168
1526,-36.5,0.8472000000000168
1527,-67.5,0.8471000000000168
1528,-45.5,0.8470000000000169
1529,-54.5,0.8469000000000169
1530,-33.0,0.8468000000000169
1531,-68.0,0.8467000000000169
1532,-36.5,0.8466000000000169
1533,-47.0,0.8465000000000169
1534,-85.5,0.8464000000000169
1535,-56.0,0.8463000000000169
1536,-47.0,0.8462000000000169
1537,-71.5,0.846100000000017
1538,-29.0,0.846000000000017
1539,-88.5,0.845900000000017
1540,-74.5,0.845800000000017
1541,-71.5,0.845700000000017
1542,-92.0,0.845600000000017
1543,-58.0,0.845500000000017
1544,-36.5,0.845400000000017
1545,-48.0,0.845300000000017
1546,-40.0,0.845200000000017
1547,-106.0,0.8451000000000171
1548,-28.5,0.8450000000000171
1549,-42.0,0.8449000000000171
1550,-67.5,0.8448000000000171
1551,-66.5,0.8447000000000171
1552,-66.5,0.8446000000000171
1553,-24.0,0.8445000000000171
1554,-47.0,0.8444000000000171
1555,-47.0,0.8443000000000171
1556,-39.0,0.8442000000000172
1557,-71.0,0.8441000000000172
1558,-50.5,0.8440000000000172
1559,-76.0,0.8439000000000172
1560,-75.0,0.8438000000000172
1561,-70.5,0.8437000000000172
1562,-71.5,0.8436000000000172
1563,-92.5,0.8435000000000172
1564,-62.5,0.8434000000000172
1565,-42.5,0.8433000000000173
1566,-31.0,0.8432000000000173
1567,-21.0,0.8431000000000173
1568,-53.0,0.8430000000000173
1569,-69.0,0.8429000000000173
1570,-48.0,0.8428000000000173
1571,-67.5,0.8427000000000173
1572,-52.0,0.8426000000000173
1573,-34.5,0.8425000000000173
1574,-56.5,0.8424000000000174
1575,-44.5,0.8423000000000174
1576,-68.5,0.8422000000000174
1577,-74.0,0.8421000000000174
1578,-44.0,0.8420000000000174
1579,-43.0,0.8419000000000174
1580,-19.0,0.8418000000000174
1581,-44.5,0.8417000000000174
1582,-47.5,0.8416000000000174
1583,-51.0,0.8415000000000175
1584,-46.0,0.8414000000000175
1585,-43.5,0.8413000000000175
1586,-60.0,0.8412000000000175
1587,-130.5,0.8411000000000175
1588,-72.5,0.8410000000000175
1589,-105.5,0.8409000000000175
1590,-43.5,0.8408000000000175
1591,-60.0,0.8407000000000175
1592,-41.5,0.8406000000000176
1593,-39.0,0.8405000000000176
1594,-34.0,0.8404000000000176
1595,-26.0,0.8403000000000176
1596,-42.5,0.8402000000000176
1597,-43.0,0.8401000000000176
1598,-15.5,0.8400000000000176
1599,-69.0,0.8399000000000176
1600,-48.0,0.8398000000000176
1601,-45.5,0.8397000000000177
1602,-70.5,0.8396000000000177
1603,-87.0,0.8395000000000177
1604,-43.0,0.8394000000000177
1605,-61.0,0.8393000000000177
1606,-28.5,0.8392000000000177
1607,-58.0,0.8391000000000177
1608,-64.0,0.8390000000000177
1609,-33.0,0.8389000000000177
1610,-26.5,0.8388000000000178
1611,-27.0,0.8387000000000178
1612,-37.5,0.8386000000000178
1613,-38.0,0.8385000000000178
1614,-76.5,0.8384000000000178
1615,-86.0,0.8383000000000178
1616,-36.0,0.8382000000000178
1617,-55.0,0.8381000000000178
1618,-89.0,0.8380000000000178
1619,-15.0,0.8379000000000179
1620,-15.0,0.8378000000000179
1621,-44.5,0.8377000000000179
1622,-117.5,0.8376000000000179
1623,-48.5,0.8375000000000179
1624,-38.0,0.8374000000000179
1625,-53.5,0.8373000000000179
1626,-76.5,0.8372000000000179
1627,-50.0,0.8371000000000179
1628,-8.5,0.837000000000018
1629,-75.0,0.836900000000018
1630,-73.0,0.836800000000018
1631,-32.0,0.836700000000018
1632,-42.0,0.836600000000018
1633,-27.5,0.836500000000018
1634,-27.5,0.836400000000018
1635,-84.5,0.836300000000018
1636,-72.0,0.836200000000018
1637,-65.5,0.836100000000018
1638,-37.5,0.8360000000000181
1639,-21.5,0.8359000000000181
1640,-18.0,0.8358000000000181
1641,-50.0,0.8357000000000181
1642,-36.5,0.8356000000000181
1643,-77.5,0.8355000000000181
1644,-42.5,0.8354000000000181
1645,-27.0,0.8353000000000181
1646,-52.0,0.8352000000000182
1647,-76.0,0.8351000000000182
1648,-22.5,0.8350000000000182
1649,-45.0,0.8349000000000182
1650,-15.0,0.8348000000000182
1651,-115.0,0.8347000000000182
1652,-65.0,0.8346000000000182
1653,-37.0,0.8345000000000182
1654,-40.5,0.8344000000000182
1655,-29.0,0.8343000000000182
1656,-23.5,0.8342000000000183
1657,-84.0,0.8341000000000183
1658,-47.5,0.8340000000000183
1659,-55.0,0.8339000000000183
1660,-69.0,0.8338000000000183
1661,-68.0,0.8337000000000183
1662,-38.0,0.8336000000000183
1663,-88.5,0.8335000000000183
1664,-78.5,0.8334000000000183
1665,-58.0,0.8333000000000184
1666,-29.0,0.8332000000000184
1667,-30.5,0.8331000000000184
1668,-93.5,0.8330000000000184
1669,-30.5,0.8329000000000184
1670,-34.5,0.8328000000000184
1671,-68.0,0.8327000000000184
1672,-52.0,0.8326000000000184
1673,-31.5,0.8325000000000184
1674,-42.5,0.8324000000000185
1675,-54.5,0.8323000000000185
1676,-38.0,0.8322000000000185
1677,-39.5,0.8321000000000185
1678,-51.5,0.8320000000000185
1679,-66.0,0.8319000000000185
1680,-69.0,0.8318000000000185
1681,-51.0,0.8317000000000185
1682,-36.5,0.8316000000000185
1683,-77.5,0.8315000000000186
1684,-88.0,0.8314000000000186
1685,-36.5,0.8313000000000186
1686,-39.5,0.8312000000000186
1687,-52.5,0.8311000000000186
1688,-38.0,0.8310000000000186
1689,-39.5,0.8309000000000186
1690,-23.5,0.8308000000000186
1691,-54.5,0.8307000000000186
1692,-51.0,0.8306000000000187
1693,-25.5,0.8305000000000187
1694,-44.5,0.8304000000000187
1695,-44.5,0.8303000000000187
1696,-63.0,0.8302000000000187
1697,-55.0,0.8301000000000187
1698,-41.5,0.8300000000000187
1699,-63.0,0.8299000000000187
1700,-41.5,0.8298000000000187
1701,-68.0,0.8297000000000188
1702,-32.0,0.8296000000000188
1703,-41.5,0.8295000000000188
1704,-47.5,0.8294000000000188
1705,-36.0,0.8293000000000188
1706,-98.5,0.8292000000000188
1707,-85.0,0.8291000000000188
1708,-37.0,0.8290000000000188
1709,-58.5,0.8289000000000188
1710,-25.0,0.8288000000000189
1711,-65.0,0.8287000000000189
1712,-34.5,0.8286000000000189
1713,-44.5,0.8285000000000189
1714,-51.5,0.8284000000000189
1715,-72.5,0.8283000000000189
1716,-58.5,0.8282000000000189
1717,-38.5,0.8281000000000189
1718,-38.5,0.8280000000000189
1719,-70.5,0.827900000000019
1720,-87.5,0.827800000000019
1721,-72.0,0.827700000000019
1722,-47.5,0.827600000000019
1723,-51.5,0.827500000000019
1724,-45.5,0.827400000000019
1725,-72.0,0.827300000000019
1726,-58.0,0.827200000000019
1727,-45.0,0.827100000000019
1728,-50.5,0.827000000000019
1729,-49.0,0.8269000000000191
1730,-68.0,0.8268000000000191
1731,-55.0,0.8267000000000191
1732,-42.0,0.8266000000000191
1733,-49.5,0.8265000000000191
1734,-53.0,0.8264000000000191
1735,-46.0,0.8263000000000191
1736,-5.5,0.8262000000000191
1737,-22.0,0.8261000000000192
1738,-83.0,0.8260000000000192
1739,-42.5,0.8259000000000192
1740,-71.5,0.8258000000000192
1741,-14.5,0.8257000000000192
1742,-75.5,0.8256000000000192
1743,-29.5,0.8255000000000192
1744,-54.5,0.8254000000000192
1745,-59.5,0.8253000000000192
1746,-58.0,0.8252000000000193
1747,-31.5,0.8251000000000193
1748,-50.5,0.8250000000000193
1749,-81.5,0.8249000000000193
1750,-28.0,0.8248000000000193
1751,-94.0,0.8247000000000193
1752,-29.5,0.8246000000000193
1753,-48.0,0.8245000000000193
1754,-37.0,0.8244000000000193
1755,-23.5,0.8243000000000194
1756,-36.5,0.8242000000000194
1757,-95.5,0.8241000000000194
1758,-51.0,0.8240000000000194
1759,-59.0,0.8239000000000194
1760,-48.0,0.8238000000000194
1761,-59.5,0.8237000000000194
1762,-63.0,0.8236000000000194
1763,-72.0,0.8235000000000194
1764,-6.5,0.8234000000000194
1765,-30.5,0.8233000000000195
1766,-50.5,0.8232000000000195
1767,-27.5,0.8231000000000195
1768,-59.5,0.8230000000000195
1769,-49.0,0.8229000000000195
1770,-14.0,0.8228000000000195
1771,-38.0,0.8227000000000195
1772,-20.0,0.8226000000000195
1773,-17.5,0.8225000000000195
1774,-24.0,0.8224000000000196
1775,-41.0,0.8223000000000196
1776,-65.0,0.8222000000000196
1777,-32.0,0.8221000000000196
1778,-60.0,0.8220000000000196
1779,-54.5,0.8219000000000196
1780,-45.5,0.8218000000000196
1781,-47.0,0.8217000000000196
1782,-39.5,0.8216000000000196
1783,-62.5,0.8215000000000197
1784,-46.0,0.8214000000000197
1785,-49.0,0.8213000000000197
1786,-74.5,0.8212000000000197
1787,-90.5,0.8211000000000197
1788,-70.5,0.8210000000000197
1789,-62.5,0.8209000000000197
1790,-30.5,0.8208000000000197
1791,-67.5,0.8207000000000197
1792,-72.0,0.8206000000000198
1793,-35.5,0.8205000000000198
1794,-55.5,0.8204000000000198
1795,-35.5,0.8203000000000198
1796,-93.5,0.8202000000000198
1797,-30.0,0.8201000000000198
1798,-30.0,0.8200000000000198
1799,-35.5,0.8199000000000198
1800,-45.5,0.8198000000000198
1801,-51.5,0.8197000000000199
1802,-37.5,0.8196000000000199
1803,-25.5,0.8195000000000199
1804,-64.0,0.8194000000000199
1805,-64.0,0.8193000000000199
1806,-53.0,0.8192000000000199
1807,-88.5,0.8191000000000199
1808,-45.5,0.8190000000000199
1809,-26.5,0.81890000000002
1810,-31.5,0.81880000000002
1811,-50.0,0.81870000000002
1812,-63.5,0.81860000000002
1813,-60.0,0.81850000000002
1814,-23.0,0.81840000000002
1815,-34.0,0.81830000000002
1816,-35.0,0.81820000000002
1817,-31.0,0.81810000000002
1818,-18.5,0.81800000000002
1819,-58.0,0.81790000000002
1820,-51.5,0.8178000000000201
1821,-41.5,0.8177000000000201
1822,-101.5,0.8176000000000201
1823,-86.0,0.8175000000000201
1824,-56.0,0.8174000000000201
1825,-58.0,0.8173000000000201
1826,-37.0,0.8172000000000201
1827,-65.0,0.8171000000000201
1828,-19.5,0.8170000000000202
1829,-56.0,0.8169000000000202
1830,-32.5,0.8168000000000202
1831,-62.0,0.8167000000000202
1832,-44.5,0.8166000000000202
1833,-53.0,0.8165000000000202
1834,-55.0,0.8164000000000202
1835,-66.5,0.8163000000000202
1836,-55.0,0.8162000000000202
1837,-29.0,0.8161000000000203
1838,-4.5,0.8160000000000203
1839,-33.5,0.8159000000000203
1840,-61.0,0.8158000000000203
1841,-31.5,0.8157000000000203
1842,-22.0,0.8156000000000203
1843,-38.5,0.8155000000000203
1844,-21.5,0.8154000000000203
1845,-36.0,0.8153000000000203
1846,-61.5,0.8152000000000204
1847,-39.5,0.8151000000000204
1848,-24.0,0.8150000000000204
1849,-30.0,0.8149000000000204
1850,-32.5,0.8148000000000204
1851,-40.5,0.8147000000000204
1852,-38.0,0.8146000000000204
1853,-22.5,0.8145000000000204
1854,-39.5,0.8144000000000204
1855,-53.5,0.8143000000000205
1856,-52.0,0.8142000000000205
1857,-26.0,0.8141000000000205
1858,-50.5,0.8140000000000205
1859,-64.0,0.8139000000000205
1860,-46.0,0.8138000000000205
1861,-25.5,0.8137000000000205
1862,-80.0,0.8136000000000205
1863,-47.5,0.8135000000000205
1864,-47.5,0.8134000000000206
1865,-43.5,0.8133000000000206
1866,-30.0,0.8132000000000206
1867,-33.5,0.8131000000000206
1868,-60.5,0.8130000000000206
1869,-56.5,0.8129000000000206
1870,-23.5,0.8128000000000206
1871,-47.0,0.8127000000000206
1872,-39.5,0.8126000000000206
1873,-25.0,0.8125000000000207
1874,-88.5,0.8124000000000207
1875,-46.5,0.8123000000000207
1876,-40.5,0.8122000000000207
1877,-36.5,0.8121000000000207
1878,-26.0,0.8120000000000207
1879,-60.0,0.8119000000000207
1880,-61.5,0.8118000000000207
1881,-17.0,0.8117000000000207
1882,-46.0,0.8116000000000207
1883,-64.5,0.8115000000000208
1884,-44.0,0.8114000000000208
1885,-40.0,0.8113000000000208
1886,-37.0,0.8112000000000208
1887,-34.0,0.8111000000000208
1888,-26.0,0.8110000000000208
1889,-39.0,0.8109000000000208
1890,-30.0,0.8108000000000208
1891,-38.0,0.8107000000000208
1892,-39.5,0.8106000000000209
1893,-77.5,0.8105000000000209
1894,-16.0,0.8104000000000209
1895,-85.0,0.8103000000000209
1896,-27.5,0.8102000000000209
1897,-36.0,0.8101000000000209
1898,-75.5,0.8100000000000209
1899,-93.5,0.8099000000000209
1900,-50.0,0.809800000000021
1901,-42.0,0.809700000000021
1902,-44.0,0.809600000000021
1903,-26.5,0.809500000000021
1904,-44.0,0.809400000000021
1905,-36.5,0.809300000000021
1906,-30.0,0.809200000000021
1907,-37.5,0.809100000000021
1908,-35.5,0.809000000000021
1909,-5.0,0.808900000000021
1910,-62.5,0.8088000000000211
1911,-30.5,0.8087000000000211
1912,-43.0,0.8086000000000211
1913,-41.0,0.8085000000000211
1914,-65.0,0.8084000000000211
1915,-60.0,0.8083000000000211
1916,-33.0,0.8082000000000211
1917,-31.0,0.8081000000000211
1918,-60.0,0.8080000000000211
1919,-38.5,0.8079000000000212
1920,-38.5,0.8078000000000212
1921,-36.5,0.8077000000000212
1922,-37.5,0.8076000000000212
1923,-40.5,0.8075000000000212
1924,-61.0,0.8074000000000212
1925,-45.0,0.8073000000000212
1926,-46.0,0.8072000000000212
1927,-20.5,0.8071000000000212
1928,-37.5,0.8070000000000213
1929,-33.0,0.8069000000000213
1930,-41.0,0.8068000000000213
1931,-37.0,0.8067000000000213
1932,-22.5,0.8066000000000213
1933,-35.5,0.8065000000000213
1934,-54.5,0.8064000000000213
1935,-88.5,0.8063000000000213
1936,-36.5,0.8062000000000213
1937,-48.5,0.8061000000000214
1938,-99.0,0.8060000000000214
1939,-56.5,0.8059000000000214
1940,-50.0,0.8058000000000214
1941,-19.0,0.8057000000000214
1942,-36.5,0.8056000000000214
1943,-54.5,0.8055000000000214
1944,-32.5,0.8054000000000214
1945,-6.0,0.8053000000000214
1946,-20.5,0.8052000000000215
1947,-58.0,0.8051000000000215
1948,-46.5,0.8050000000000215
1949,-43.5,0.8049000000000215
1950,-53.5,0.8048000000000215
1951,-37.0,0.8047000000000215
1952,-28.5,0.8046000000000215
1953,-23.5,0.8045000000000215
1954,-19.5,0.8044000000000215
1955,-56.5,0.8043000000000216
1956,-31.5,0.8042000000000216
1957,-37.5,0.8041000000000216
1958,-74.5,0.8040000000000216
1959,-53.5,0.8039000000000216
1960,-60.0,0.8038000000000216
1961,-42.0,0.8037000000000216
1962,-26.0,0.8036000000000216
1963,-40.0,0.8035000000000216
1964,-56.5,0.8034000000000217
1965,-28.0,0.8033000000000217
1966,-29.5,0.8032000000000217
1967,-24.5,0.8031000000000217
1968,-25.5,0.8030000000000217
1969,-47.0,0.8029000000000217
1970,-44.0,0.8028000000000217
1971,-51.0,0.8027000000000217
1972,-71.0,0.8026000000000217
1973,-53.0,0.8025000000000218
1974,-16.0,0.8024000000000218
1975,-37.0,0.8023000000000218
1976,-68.5,0.8022000000000218
1977,-14.0,0.8021000000000218
1978,-90.5,0.8020000000000218
1979,-25.5,0.8019000000000218
1980,-48.5,0.8018000000000218
1981,-40.0,0.8017000000000218
1982,-39.0,0.8016000000000219
1983,-30.0,0.8015000000000219
1984,-21.5,0.8014000000000219
1985,-33.0,0.8013000000000219
1986,-40.0,0.8012000000000219
1987,-39.0,0.8011000000000219
1988,-40.0,0.8010000000000219
1989,-27.0,0.8009000000000219
1990,-40.5,0.8008000000000219
1991,-19.0,0.800700000000022
1992,-41.5,0.800600000000022
1993,-45.0,0.800500000000022
1994,-43.0,0.800400000000022
1995,-62.5,0.800300000000022
1996,-46.5,0.800200000000022
1997,-23.5,0.800100000000022
1998,-28.5,0.800000000000022
1999,-35.0,0.799900000000022
2000,-22.0,0.799800000000022
2001,-38.5,0.7997000000000221
2002,-56.0,0.7996000000000221
2003,-44.0,0.7995000000000221
2004,-25.5,0.7994000000000221
2005,-25.0,0.7993000000000221
2006,-47.5,0.7992000000000221
2007,-26.5,0.7991000000000221
2008,-42.0,0.7990000000000221
2009,-44.0,0.7989000000000221
2010,-39.0,0.7988000000000222
2011,-35.5,0.7987000000000222
2012,-39.5,0.7986000000000222
2013,-58.0,0.7985000000000222
2014,-45.0,0.7984000000000222
2015,-16.0,0.7983000000000222
2016,-52.5,0.7982000000000222
2017,-26.5,0.7981000000000222
2018,-21.0,0.7980000000000222
2019,-63.0,0.7979000000000223
2020,-45.0,0.7978000000000223
2021,-39.5,0.7977000000000223
2022,-17.0,0.7976000000000223
2023,-65.0,0.7975000000000223
2024,-35.0,0.7974000000000223
2025,-26.0,0.7973000000000223
2026,-55.0,0.7972000000000223
2027,-37.5,0.7971000000000223
2028,-67.0,0.7970000000000224
2029,-21.5,0.7969000000000224
2030,-49.0,0.7968000000000224
2031,-31.0,0.7967000000000224
2032,-26.0,0.7966000000000224
2033,-46.5,0.7965000000000224
2034,-50.5,0.7964000000000224
2035,-23.5,0.7963000000000224
2036,-31.0,0.7962000000000224
2037,-42.0,0.7961000000000225
2038,-47.5,0.7960000000000225
2039,-51.5,0.7959000000000225
2040,-37.0,0.7958000000000225
2041,-47.0,0.7957000000000225
2042,-53.0,0.7956000000000225
2043,-51.0,0.7955000000000225
2044,-28.5,0.7954000000000225
2045,-55.5,0.7953000000000225
2046,-65.5,0.7952000000000226
2047,-40.0,0.7951000000000226
2048,-44.5,0.7950000000000226
2049,-45.5,0.7949000000000226
2050,-22.0,0.7948000000000226
2051,-85.5,0.7947000000000226
2052,-48.5,0.7946000000000226
2053,-20.5,0.7945000000000226
2054,-63.0,0.7944000000000226
2055,-14.5,0.7943000000000227
2056,-16.5,0.7942000000000227
2057,-32.5,0.7941000000000227
2058,-41.5,0.7940000000000227
2059,-25.0,0.7939000000000227
2060,-29.5,0.7938000000000227
2061,-29.5,0.7937000000000227
2062,-32.0,0.7936000000000227
2063,-33.0,0.7935000000000227
2064,-96.5,0.7934000000000228
2065,-27.0,0.7933000000000228
2066,-23.0,0.7932000000000228
2067,-32.0,0.7931000000000228
2068,-37.0,0.7930000000000228
2069,-46.5,0.7929000000000228
2070,-22.5,0.7928000000000228
2071,-18.5,0.7927000000000228
2072,-33.0,0.7926000000000228
2073,-40.0,0.7925000000000229
2074,-23.5,0.7924000000000229
2075,-31.5,0.7923000000000229
2076,-33.5,0.7922000000000229
2077,-30.5,0.7921000000000229
2078,-25.5,0.7920000000000229
2079,-31.0,0.7919000000000229
2080,-44.5,0.7918000000000229
2081,-44.0,0.7917000000000229
2082,-36.0,0.791600000000023
2083,-43.0,0.791500000000023
2084,-34.0,0.791400000000023
2085,-99.0,0.791300000000023
2086,-35.5,0.791200000000023
2087,-40.0,0.791100000000023
2088,-50.5,0.791000000000023
2089,-33.0,0.790900000000023
2090,-28.5,0.790800000000023
2091,-51.5,0.790700000000023
2092,-24.0,0.7906000000000231
2093,-22.0,0.7905000000000231
2094,-84.0,0.7904000000000231
2095,-32.0,0.7903000000000231
2096,-36.0,0.7902000000000231
2097,-26.0,0.7901000000000231
2098,-27.0,0.7900000000000231
2099,-31.0,0.7899000000000231
2100,-47.0,0.7898000000000232
2101,-68.5,0.7897000000000232
2102,-31.5,0.7896000000000232
2103,-35.0,0.7895000000000232
2104,-32.5,0.7894000000000232
2105,-32.5,0.7893000000000232
2106,-50.0,0.7892000000000232
2107,-45.0,0.7891000000000232
2108,-32.0,0.7890000000000232
2109,-41.5,0.7889000000000232
2110,-31.0,0.7888000000000233
2111,-48.0,0.7887000000000233
2112,-43.0,0.7886000000000233
2113,-86.5,0.7885000000000233
2114,-31.0,0.7884000000000233
2115,-30.5,0.7883000000000233
2116,-30.0,0.7882000000000233
2117,-29.5,0.7881000000000233
2118,-41.0,0.7880000000000233
2119,-34.5,0.7879000000000234
2120,-48.0,0.7878000000000234
2121,-37.0,0.7877000000000234
2122,-27.5,0.7876000000000234
2123,-49.0,0.7875000000000234
2124,-50.0,0.7874000000000234
2125,-11.5,0.7873000000000234
2126,-22.0,0.7872000000000234
2127,-44.0,0.7871000000000234
2128,-24.5,0.7870000000000235
2129,-36.5,0.7869000000000235
2130,-31.0,0.7868000000000235
2131,-33.5,0.7867000000000235
2132,-27.0,0.7866000000000235
2133,-93.5,0.7865000000000235
2134,-31.5,0.7864000000000235
2135,-32.5,0.7863000000000235
2136,-56.5,0.7862000000000235
2137,-36.0,0.7861000000000236
2138,-33.0,0.7860000000000236
2139,-14.5,0.7859000000000236
2140,-36.5,0.7858000000000236
2141,-15.5,0.7857000000000236
2142,-19.0,0.7856000000000236
2143,-83.0,0.7855000000000236
2144,-21.0,0.7854000000000236
2145,-17.5,0.7853000000000236
2146,-37.5,0.7852000000000237
2147,-66.0,0.7851000000000237
2148,-29.5,0.7850000000000237
2149,-33.5,0.7849000000000237
2150,-26.0,0.7848000000000237
2151,-39.5,0.7847000000000237
2152,-34.0,0.7846000000000237
2153,-33.5,0.7845000000000237
2154,-15.5,0.7844000000000237
2155,-9.0,0.7843000000000238
2156,-46.5,0.7842000000000238
2157,-63.5,0.7841000000000238
2158,-23.5,0.7840000000000238
2159,-21.0,0.7839000000000238
2160,-47.0,0.7838000000000238
2161,-35.0,0.7837000000000238
2162,-28.5,0.7836000000000238
2163,-21.0,0.7835000000000238
2164,-40.0,0.7834000000000239
2165,-39.0,0.7833000000000239
2166,-53.0,0.7832000000000239
2167,-52.0,0.7831000000000239
2168,-41.0,0.7830000000000239
2169,-46.0,0.7829000000000239
2170,-46.0,0.7828000000000239
2171,-25.5,0.7827000000000239
2172,-35.0,0.7826000000000239
2173,-46.5,0.782500000000024
2174,-37.0,0.782400000000024
2175,-20.0,0.782300000000024
2176,-31.0,0.782200000000024
2177,-32.5,0.782100000000024
2178,-45.5,0.782000000000024
2179,-30.0,0.781900000000024
2180,-31.0,0.781800000000024
2181,-32.5,0.781700000000024
2182,-22.5,0.781600000000024
2183,-50.0,0.7815000000000241
2184,-25.5,0.7814000000000241
2185,-39.0,0.7813000000000241
2186,-26.5,0.7812000000000241
2187,-24.5,0.7811000000000241
2188,-33.0,0.7810000000000241
2189,-20.5,0.7809000000000241
2190,-38.0,0.7808000000000241
2191,-23.0,0.7807000000000242
2192,-36.0,0.7806000000000242
2193,-62.5,0.7805000000000242
2194,-56.0,0.7804000000000242
2195,-54.5,0.7803000000000242
2196,-25.0,0.7802000000000242
2197,-37.5,0.7801000000000242
2198,-58.0,0.7800000000000242
2199,-45.0,0.7799000000000242
2200,-24.5,0.7798000000000243
2201,-24.5,0.7797000000000243
2202,-22.0,0.7796000000000243
2203,-46.5,0.7795000000000243
2204,-35.0,0.7794000000000243
2205,-29.5,0.7793000000000243
2206,-19.5,0.7792000000000243
2207,-50.5,0.7791000000000243
2208,-24.0,0.7790000000000243
2209,-19.5,0.7789000000000244
2210,-25.5,0.7788000000000244
2211,-28.5,0.7787000000000244
2212,-46.0,0.7786000000000244
2213,-23.5,0.7785000000000244
2214,-21.5,0.7784000000000244
2215,-23.5,0.7783000000000244
2216,-36.0,0.7782000000000244
2217,-65.5,0.7781000000000244
2218,-27.0,0.7780000000000244
2219,-32.0,0.7779000000000245
2220,-12.5,0.7778000000000245
2221,-39.0,0.7777000000000245
2222,-48.0,0.7776000000000245
2223,-26.5,0.7775000000000245
2224,-19.5,0.7774000000000245
2225,-27.0,0.7773000000000245
2226,-37.5,0.7772000000000245
2227,-46.5,0.7771000000000245
2228,-32.0,0.7770000000000246
2229,-20.0,0.7769000000000246
2230,-36.0,0.7768000000000246
2231,-25.0,0.7767000000000246
2232,-66.5,0.7766000000000246
2233,-30.0,0.7765000000000246
2234,-43.5,0.7764000000000246
2235,-28.0,0.7763000000000246
2236,-23.5,0.7762000000000246
2237,-32.0,0.7761000000000247
2238,-44.0,0.7760000000000247
2239,-58.5,0.7759000000000247
2240,-30.5,0.7758000000000247
2241,-8.0,0.7757000000000247
2242,-37.0,0.7756000000000247
2243,-35.5,0.7755000000000247
2244,-63.0,0.7754000000000247
2245,-74.0,0.7753000000000247
2246,-45.0,0.7752000000000248
2247,-61.5,0.7751000000000248
2248,-27.0,0.7750000000000248
2249,-39.5,0.7749000000000248
2250,-18.0,0.7748000000000248
2251,-30.0,0.7747000000000248
2252,-54.0,0.7746000000000248
2253,-52.5,0.7745000000000248
2254,-31.5,0.7744000000000248
2255,-32.0,0.7743000000000249
2256,-31.0,0.7742000000000249
2257,-40.0,0.7741000000000249
2258,-19.0,0.7740000000000249
2259,-47.5,0.7739000000000249
2260,-39.0,0.7738000000000249
2261,-37.0,0.7737000000000249
2262,-24.5,0.7736000000000249
2263,-14.0,0.773500000000025
2264,-48.5,0.773400000000025
2265,-48.5,0.773300000000025
2266,-32.5,0.773200000000025
2267,-44.0,0.773100000000025
2268,-55.5,0.773000000000025
2269,-66.0,0.772900000000025
2270,-31.0,0.772800000000025
2271,-33.0,0.772700000000025
2272,-29.5,0.772600000000025
2273,-30.5,0.7725000000000251
2274,-24.0,0.7724000000000251
2275,-22.0,0.7723000000000251
2276,-72.5,0.7722000000000251
2277,-24.0,0.7721000000000251
2278,-27.5,0.7720000000000251
2279,-50.5,0.7719000000000251
2280,-26.5,0.7718000000000251
2281,-41.0,0.7717000000000251
2282,-12.0,0.7716000000000252
2283,-20.0,0.7715000000000252
2284,-36.0,0.7714000000000252
2285,-24.0,0.7713000000000252
2286,-22.0,0.7712000000000252
2287,-51.0,0.7711000000000252
2288,-28.5,0.7710000000000252
2289,-31.5,0.7709000000000252
2290,-45.0,0.7708000000000252
2291,-23.5,0.7707000000000253
2292,-22.0,0.7706000000000253
2293,-51.0,0.7705000000000253
2294,-41.5,0.7704000000000253
2295,-26.0,0.7703000000000253
2296,-30.0,0.7702000000000253
2297,-23.0,0.7701000000000253
2298,-44.0,0.7700000000000253
2299,-39.0,0.7699000000000253
2300,-22.5,0.7698000000000254
2301,-26.0,0.7697000000000254
2302,-23.0,0.7696000000000254
2303,-22.0,0.7695000000000254
2304,-38.0,0.7694000000000254
2305,-20.0,0.7693000000000254
2306,-28.0,0.7692000000000254
2307,-33.0,0.7691000000000254
2308,-42.0,0.7690000000000254
2309,-26.5,0.7689000000000255
2310,-28.5,0.7688000000000255
2311,-24.0,0.7687000000000255
2312,-28.5,0.7686000000000255
2313,-25.0,0.7685000000000255
2314,-28.0,0.7684000000000255
2315,-26.5,0.7683000000000255
2316,-15.0,0.7682000000000255
2317,-36.0,0.7681000000000255
2318,-59.0,0.7680000000000256
2319,-58.5,0.7679000000000256
2320,-45.5,0.7678000000000256
2321,-37.0,0.7677000000000256
2322,-20.5,0.7676000000000256
2323,-20.0,0.7675000000000256
2324,-31.5,0.7674000000000256
2325,-32.5,0.7673000000000256
2326,-26.0,0.7672000000000256
2327,-24.5,0.7671000000000257
2328,-32.0,0.7670000000000257
2329,-40.5,0.7669000000000257
2330,-35.0,0.7668000000000257
2331,-66.0,0.7667000000000257
2332,-43.5,0.7666000000000257
2333,-33.5,0.7665000000000257
2334,-41.0,0.7664000000000257
2335,-42.5,0.7663000000000257
2336,-45.0,0.7662000000000257
2337,-34.5,0.7661000000000258
2338,-49.5,0.7660000000000258
2339,-25.0,0.7659000000000258
2340,-34.5,0.7658000000000258
2341,-36.0,0.7657000000000258
2342,-32.5,0.7656000000000258
2343,-31.0,0.7655000000000258
2344,-28.0,0.7654000000000258
2345,-18.0,0.7653000000000258
2346,-29.0,0.7652000000000259
2347,-24.5,0.7651000000000259
2348,-49.5,0.7650000000000259
2349,-44.0,0.7649000000000259
2350,-22.0,0.7648000000000259
2351,-18.5,0.7647000000000259
2352,-43.0,0.7646000000000259
2353,-32.0,0.7645000000000259
2354,-37.5,0.764400000000026
2355,-37.0,0.764300000000026
2356,-26.5,0.764200000000026
2357,-18.0,0.764100000000026
2358,-29.0,0.764000000000026
2359,-23.0,0.763900000000026
2360,-30.5,0.763800000000026
2361,-15.5,0.763700000000026
2362,-16.5,0.763600000000026
2363,-59.0,0.763500000000026
2364,-33.5,0.7634000000000261
2365,-26.5,0.7633000000000261
2366,-29.0,0.7632000000000261
2367,-42.0,0.7631000000000261
2368,-45.0,0.7630000000000261
2369,-23.0,0.7629000000000261
2370,-23.5,0.7628000000000261
2371,-22.5,0.7627000000000261
2372,-20.0,0.7626000000000261
2373,-27.0,0.7625000000000262
2374,-26.5,0.7624000000000262
2375,-26.0,0.7623000000000262
2376,-48.5,0.7622000000000262
2377,-47.5,0.7621000000000262
2378,-19.5,0.7620000000000262
2379,-19.5,0.7619000000000262
2380,-32.5,0.7618000000000262
2381,-35.5,0.7617000000000262
2382,-28.0,0.7616000000000263
2383,-12.5,0.7615000000000263
2384,-36.0,0.7614000000000263
2385,-36.0,0.7613000000000263
2386,-37.0,0.7612000000000263
2387,-31.0,0.7611000000000263
2388,-21.0,0.7610000000000263
